{"train_loss": 0.050772366755071685, "_timestamp": 1721169885.531795, "_runtime": 231.36715698242188, "_step": 3, "_wandb": {"runtime": 276}}