{"train_loss_step": 0.02647794596850872, "lr": 0.0, "_timestamp": 1722541019.570719, "_runtime": 54.08884000778198, "_step": 7504, "train_accuracy": 0.9733833333333334, "test_accuracy": 0.9678, "results_table": {"_type": "table-file", "sha256": "10885335e155738a6dcc6d8f1999d6955bad4c5ed2ea1b5ad3a4473acb7389b5", "size": 102, "artifact_path": "wandb-client-artifact://650ccdq445tfow9q3xwy1pvhbrlpcr5qh5143txxs9cti9ipmznximjv3qlcj4dk7hu5y489j6bydfjljpyqh7gp039f86xse0qxulbior5yd4inei0r9hkkrir6ttwr/results_table.table.json", "_latest_artifact_path": "wandb-client-artifact://9ulqptazgjfj74u6ebzmlsi9ceiekjfghj93o65l1po8mb766q63zpaigv1e5ibmbw1k2l7btjkiekd887m1bpz81m2qzrbpvelj8qxdsv2lc1rep3dyi21h6sy5aisu:latest/results_table.table.json", "path": "media/table/results_table_7504_10885335e155738a6dcc.table.json", "ncols": 3, "nrows": 1}, "_wandb": {"runtime": 55}}