{"train_loss_step": 0.11113165318965912, "lr": 0.0009199047085146468, "_timestamp": 1722372114.3151414, "_runtime": 14.602899551391602, "_step": 1369, "_wandb": {"runtime": 13}}