{"train_loss_step": 0.02519812621176243, "lr": 0.0, "_timestamp": 1722964240.8631325, "_runtime": 90.3188533782959, "_step": 7504, "train_accuracy": 0.9737, "test_accuracy": 0.9678, "width": 128, "_wandb": {"runtime": 89}}